<?xml version="1.0" encoding="UTF-8"?>
<project-private xmlns="http://www.netbeans.org/ns/project-private/1">
    <editor-bookmarks xmlns="http://www.netbeans.org/ns/editor-bookmarks/2" lastBookmarkId="0"/>
    <open-files xmlns="http://www.netbeans.org/ns/projectui-open-files/2">
        <group>
            <file>file:/C:/Users/Makro%20Centurion/OneDrive%20-%20Pearson%20Institute%20of%20Higher%20Education/ITJA211/Assignment/%20ITJA211_CGMSXBYZ5_1/src/itja211_cgmsxbyz5_1/ITJA211_CGMSXBYZ5_1.java</file>
            <file>file:/C:/Users/Makro%20Centurion/OneDrive%20-%20Pearson%20Institute%20of%20Higher%20Education/ITJA211/Assignment/%20ITJA211_CGMSXBYZ5_1/src/itja211_cgmsxbyz5_1/MySQLConnection.java</file>
            <file>file:/C:/Users/Makro%20Centurion/OneDrive%20-%20Pearson%20Institute%20of%20Higher%20Education/ITJA211/Assignment/%20ITJA211_CGMSXBYZ5_1/src/itja211_cgmsxbyz5_1/ensForm.java</file>
        </group>
    </open-files>
</project-private>
